#,npsn,nama_sekolah,alamat_sekolah,notelp_sekolah,kecamatan,agama,nama_kepala_sekolah,jam_sekolah,status_sekolah,keterangan_status_sekolah,users_id_users
0,20531862,SD Al Islam,Jl. Raya Tempurejo No.41,0878-5548-0518,Mulyorejo,Islam,H. Ahmad Zaini Ilyas,07.00-15.00,Tervalidasi,,1
1,20572027,SDIT PERMATA,Jl. Cacat Veteran No.41,(031) 99161694,Pakal,All,Kaspul Yulianto,07.00-14.00,Tervalidasi,,1
2,20573303,SD Al azhar 35,Jl. Florence J-4 No. 31 Komplek Pakuwon City,(031) 5922205,Mulyorejo,Islam,Siti Khotimah,07.00-15.30,Tervalidasi,,1
3,20533144,SD Katolik Kristus Raja,Jl. Wisma Permai Tengah No.1,,Mulyorejo,Katolik,Antonius Joko Purnomo,07.00-14.30,Tervalidasi,,1
4,20532815,SD VITA, Jl. Arief Rahman Hakim No. 189-191, (031) 594 7433,Keputih ,Kristen,Helenna Deborah,07.30-14.30,Tervalidasi,,1
5,20109251,SD JAC School,Jl. Puncak Permai Utara III No.9,(031) 7324288,Tandes,All,Yuwanto Nawawi,07.00-15.00,Tervalidasi,,1
6,20541297,SD MAWAR SHARON CHRISTIAN SCHOOL,Jl. Cempaka No.6-12,(031) 5457522,Tegalsari,Kristen,Doddy Octniawan,08.00-14.30,Tervalidasi,,1
7,20539077,SD LUQMAN AL HAKIM,Jl. Kejawan Putih Tambak VI No.1,(031) 5928587,Keputih ,Islam,Nurut Thoyibah,07.00-15.00,Tervalidasi,,1
8,20563931,SDS ANUGERAH PEKERTI,JL.DINOYO NO.127,(031) 5660637,Keputran,All,Prasetya Catur Nugraha,06.30-14.00,Tervalidasi,,1
